id,imie,nazwisko,zagrane,obejrzane,przeanalizowane
1,Madalyn,Japeth,10,214,110
2,Ermengarde,Fontana,138,82,96
3,Roseline,Chrystel,114,64,28
4,Cissiee,Love,65,285,118
5,Leeanne,Rooney,137,79,160
6,Demetris,Lattie,155,219,148
7,Bill,Noelyn,126,22,16
8,Robbi,Pulsifer,190,188,112
9,Robbi,Nester,171,110,135
10,Micheline,Heidt,119,75,12
11,Blake,Joachim,183,132,109
12,Kary,August,43,113,151
13,Elka,Fancie,148,42,182
14,Lila,Clywd,67,139,78
15,Fidelia,Creamer,41,185,39
16,Justinn,Munn,2,287,102
17,Kara-Lynn,Lia,137,285,105
18,Norine,Colyer,183,63,8
19,Christian,Schalles,188,96,42
20,Joane,Skell,87,183,16
21,Tera,Cleo,50,240,66
22,Neila,Mallon,98,161,127
23,Ronna,Olympium,100,211,140
24,Gwyneth,Santoro,160,260,141
25,Doro,Stav,7,233,103
26,Caritta,O'Rourke,92,226,164
27,Jobi,Orelee,106,133,191
28,Jackie,Elvyn,129,173,108
29,Valeda,Merat,122,188,189
30,Alisha,Magdalen,48,279,76
31,Chickie,Tiffa,50,191,56
32,Quintina,Modie,109,123,52
33,Blake,Presber,100,153,57
34,Donnie,Iphlgenia,98,211,30
35,Halette,Larochelle,60,77,88
36,Luci,Fillbert,135,243,182
37,Correy,Cullin,188,229,87
38,Teriann,Lunsford,145,227,174
39,Myrtice,Nance,127,288,165
40,Kimberley,Fontana,82,51,168
41,Chandra,O'Carroll,77,102,63
42,Cam,Lunsford,183,269,140
43,Helsa,Ehrman,76,161,46
44,Kara-Lynn,Burnside,56,3,88
45,Arlena,Izaak,111,105,57
46,Nita,Penelopa,103,128,25
47,Lily,Heisel,94,105,48
48,Myriam,Dudley,84,177,90
49,Melina,Rodmann,84,52,38
50,Joane,Artie,60,27,174
51,Leeanne,Pettiford,10,157,172
52,Daune,Wenoa,22,80,51
53,Britni,Ricarda,116,11,190
54,Drucie,Gibbeon,64,203,133
55,Heddie,Borrell,178,203,67
56,Maurene,Darbie,128,69,133
57,Florencia,Helve,156,298,166
58,Tobe,Pyle,103,282,117
59,Ruthe,Chick,68,266,124
60,Barbara,Eiser,78,42,172
61,Sashenka,Firmin,52,171,95
62,Adriana,Cutlerr,193,91,106
63,Alejandra,Karl,60,56,10
64,Celestyna,Esmaria,123,254,148
65,Gale,Adore,36,132,108
66,Ebonee,Marisa,150,10,10
67,Tiffie,Ortrude,180,258,148
68,Dorice,Jefferey,120,261,187
69,Maud,Valoniah,97,150,164
70,Jennica,Eiser,30,32,108
71,Yetty,Felecia,97,195,43
72,Celestyna,Maisey,69,134,73
73,Arlina,Holtz,198,148,106
74,Yolane,Cimbura,42,67,66
75,Oralee,Fillbert,44,92,69
76,Winifred,Lory,157,229,44
77,Marti,Pond,145,57,143
78,Lita,Sperling,98,12,132
79,Gratia,Bethany,184,138,152
80,Jaime,Brittani,137,212,47
81,Shell,Khorma,183,134,138
82,Alyssa,Poppy,194,124,159
83,Gwyneth,Bobbee,195,89,83
84,Leanna,Leffen,33,122,196
85,Dale,Septima,48,204,184
86,Steffane,Larochelle,125,171,186
87,Nelle,Merat,119,15,16
88,Mary,Ehrman,189,86,10
89,Beverley,Camden,13,75,56
90,Henriette,Bethany,16,297,150
91,Mathilda,Ahab,16,138,85
92,Tani,Ummersen,71,19,158
93,Claresta,Ricarda,35,105,38
94,Florie,Madaih,128,155,197
95,Celisse,Faso,91,143,79
96,Kaja,Letsou,181,179,10
97,Selma,Erb,120,105,147
98,Tracey,Ingra,70,17,200
99,Delilah,Wolfgram,144,116,29
100,Claudina,Kress,178,294,174
101,Jennica,Latini,43,191,141
102,Oona,Drus,141,27,55
103,Eugine,Jarib,107,300,103
104,Josephine,Ruvolo,36,65,76
105,Edith,Karylin,27,52,97
106,Cissiee,Kathie,186,297,125
107,Carolina,Forrer,89,199,28
108,Jillayne,Brunell,179,261,90
109,Cathie,Ramona,179,207,34
110,Amelia,Bultman,62,31,150
111,Olwen,Angelis,85,198,130
112,Selia,Dulciana,141,285,182
113,Jsandye,Hedve,32,237,108
114,Frances,Wu,61,64,73
115,Lexine,Waite,40,178,45
116,Chickie,Friede,67,34,60
117,Jaime,Modie,7,143,65
118,Lorie,Barrus,200,67,114
119,Maye,Firmin,119,130,198
120,Catrina,Dulciana,48,173,74
121,Fidelia,Pauly,2,87,18
122,Nelle,Melan,80,25,112
123,Leontine,Bevin,185,254,121
124,Tressa,Keily,108,290,89
125,Gretal,Berriman,35,38,58
126,Teddie,Rebecka,191,44,183
127,Ilse,Billye,111,184,20
128,Flo,Esmaria,50,12,162
129,Anica,Kosey,137,127,47
130,Meg,Fosque,27,262,13
131,Fayre,Lemuela,169,32,7
132,Dotty,Cullin,81,37,28
133,Aigneis,Toni,117,265,166
134,Camile,Saree,68,212,110
135,Debee,Clarissa,44,142,58
136,Danika,Bertold,115,18,115
137,Aubrie,Raul,161,21,61
138,Teriann,Emmy,43,162,150
139,Tersina,Kiersten,41,157,168
140,Livvyy,Pip,81,126,116
141,Atlanta,Suanne,142,98,62
142,Britni,Rosette,174,294,97
143,Ardys,Lubin,137,291,127
144,Gertrud,Secrest,173,7,68
145,Cristine,Kimmie,86,23,61
146,Shannah,Buffum,63,200,148
147,Mellicent,Lamoree,129,265,146
148,Jackie,Valerio,181,291,68
149,Marcelline,Elvyn,139,207,42
150,Anica,Tengdin,85,158,16
151,Dyann,Verger,79,156,57
152,Gertrud,Morehouse,68,218,192
153,Chickie,Maiah,146,107,142
154,Nita,Dalli,56,44,197
155,Maurene,Vanni,99,18,96
156,Beth,Engdahl,173,228,127
157,Pamella,Vale,68,23,47
158,Clarice,Smitt,6,237,14
159,Aaren,Posner,24,223,161
160,Max,Miru,165,49,39
161,Eolanda,Adamsen,163,271,54
162,Natka,Vivle,38,167,87
163,Maye,Bow,39,1,161
164,Eve,Taam,18,161,159
165,Karly,Hillel,128,40,186
166,Sue,Garek,69,290,175
167,Shell,Ellord,28,292,173
168,Kirbee,Palocz,95,68,136
169,Lily,Raseda,46,105,102
170,Fayre,Vilma,191,68,41
171,Annice,Hanshaw,34,276,148
172,Mireielle,Ashok,99,109,152
173,Charmaine,Atcliffe,27,196,86
174,Therine,Pillsbury,150,50,181
175,Joeann,Even,185,197,2
176,Melisent,Fax,144,19,114
177,Jasmina,Stephie,189,31,154
178,Hettie,Ioab,1,200,179
179,Aeriela,Chinua,24,156,172
180,Philis,Lutero,198,300,182
181,Annaliese,Larochelle,134,148,93
182,Ilse,Noelyn,139,223,28
183,Agnese,Fry,139,97,39
184,Nyssa,Croix,154,17,187
185,Brietta,Ortrude,54,85,190
186,Nadine,Stuart,191,153,97
187,Lolita,Alabaster,8,19,55
188,Candy,Junie,74,90,5
189,Blake,Tacye,196,259,196
190,Brynna,Horan,111,186,169
191,Netty,Cynar,22,10,46
192,Raquela,Waldron,48,152,153
193,Winifred,Noelyn,88,219,155
194,Coral,Tryck,173,33,56
195,Janenna,Nickola,24,235,118
196,Meriel,Fredi,105,76,22
197,Iseabal,August,14,26,24
198,Courtnay,Jenness,48,272,196
199,Ardeen,Raimondo,121,70,79
200,Raf,Briney,24,5,23
201,Celestyna,Skurnik,107,211,43
202,Aryn,Pyle,69,224,59
203,Amii,Karl,39,298,29
204,Blinni,Cavan,198,120,160
205,Kalina,Zamora,8,33,109
206,Lanna,Annice,167,110,59
207,Sallie,Klotz,170,280,149
208,Christal,Odell,196,48,133
209,Agnese,Yorick,193,37,107
210,Ana,Pascia,14,100,85
211,Cassondra,Nickola,173,1,187
212,Audrie,Kravits,190,123,191
213,Odessa,Anyah,8,125,91
214,Sheelagh,Linskey,35,129,84
215,Andree,Cloris,16,168,111
216,Halette,Lipson,46,128,12
217,Katharina,Sherrie,113,19,60
218,Shandie,Klotz,54,290,132
219,Oralee,Janene,185,159,50
220,Maye,Kermit,85,142,134
221,Farrah,Freddi,141,259,46
222,Cathyleen,Zachary,95,77,190
223,Chastity,Haymes,31,58,181
224,Kirbee,Sharl,102,105,186
225,Vita,Phi,63,218,191
226,Sibella,Hull,49,15,158
227,Almeta,McGrody,132,57,107
228,Dennie,Garrison,147,188,81
229,Adriana,Margret,106,237,137
230,Fernande,Pond,16,166,182
231,Amalie,Hurley,40,220,135
232,Sara-Ann,Bollay,125,14,191
233,Roz,Melony,71,171,25
234,Mellicent,Ingra,7,266,148
235,Danika,Hanleigh,57,91,191
236,Nananne,Even,152,209,64
237,Lilith,Lynn,90,59,99
238,Ardys,Rossner,71,253,44
239,Sophia,McNully,167,269,58
240,Clementine,Thomasina,82,262,52
241,Consuela,Chrystel,147,234,74
242,Gretal,Carmena,136,212,158
243,Odessa,Claudine,107,35,166
244,Nananne,Freddi,12,202,25
245,Sandie,Maxi,9,223,6
246,Tracey,Adrienne,85,65,194
247,Dania,Mauer,19,10,47
248,Jere,Regan,46,60,126
249,Adriana,Goerke,42,16,123
250,Mahalia,Oscar,1,40,178
251,Fina,Jaylene,117,206,83
252,Barbi,Zitvaa,60,73,110
253,Marika,Merna,111,300,193
254,Feliza,Kauppi,40,142,132
255,Karina,Maurine,191,257,49
256,Leontine,Birdella,2,184,129
257,Dyann,Chrystel,117,150,2
258,Mignon,Rogerio,18,179,170
259,Rori,Uird,197,44,164
260,Dominga,Kronfeld,60,204,101
261,Perry,Kosey,132,204,184
262,Philis,Rheingold,12,206,86
263,Raina,Salchunas,52,292,131
264,Sheelagh,Minetta,194,120,175
265,Chastity,Chapland,84,163,42
266,Elfreda,Matthew,170,92,133
267,Caressa,Podvin,136,41,60
268,Agathe,Amadas,85,78,188
269,Arlina,Bashemeth,187,31,71
270,Tomasina,Oster,170,220,176
271,Ida,Kathie,151,122,200
272,Wendi,Maisey,91,118,5
273,Karina,Sabella,50,36,56
274,Magdalena,Nickola,101,189,33
275,Zaria,Daveta,127,247,95
276,Glenda,Madox,24,281,73
277,Arlena,Nedrud,100,113,60
278,Charmaine,Fiester,84,44,61
279,Gilda,Zitvaa,132,198,3
280,Tybie,Prouty,125,291,68
281,Cassandra,Daniele,167,218,50
282,Carilyn,Henebry,123,245,146
283,Vevay,Pillsbury,160,288,139
284,Hildegaard,Nisbet,124,243,11
285,Nickie,Rese,67,14,190
286,Hermione,Fairweather,117,122,111
287,Luci,Ellerey,166,208,164
288,Gertrud,Clywd,113,156,7
289,Adelle,Olnee,25,105,45
290,Elvira,Eliathas,122,110,168
291,Sadie,Ackerley,14,89,195
292,Beth,Paine,120,168,55
293,Rori,Japeth,51,117,131
294,Maud,Toor,28,19,71
295,Calla,Secrest,108,155,122
296,Fanchon,Rogerio,175,146,22
297,Leia,Merriott,68,234,140
298,Cassandra,McGrody,161,234,124
299,Nariko,Lilas,147,260,188
300,Tiffie,Vilma,124,123,156
301,Danika,Harned,189,115,176
302,Mathilda,Lia,57,231,108
303,Ebonee,Han,12,297,102
304,Aurore,Edison,154,253,98
305,Collen,Infield,17,276,99
306,Marika,Waldron,157,39,20
307,Shell,Taima,155,136,188
308,Calla,Valoniah,57,174,14
309,Margarette,Cynar,58,48,154
310,Wileen,Peonir,178,76,181
311,Marcy,Leifeste,80,13,93
312,Max,Agle,13,96,177
313,Adelle,Harriman,37,161,168
314,Harrietta,Sherfield,32,74,91
315,Susette,Isacco,73,285,82
316,Gertrud,Natalia,136,43,132
317,Belinda,Mich,69,24,88
318,Emma,Regan,95,143,96
319,Lucy,Pettiford,191,126,41
320,Madeleine,Huggins,5,265,86
321,Edyth,Devlen,137,288,194
322,Hermione,Morrill,74,21,108
323,Joeann,Euridice,65,262,49
324,Tybie,Fontana,42,2,82
325,Veda,Riordan,100,237,165
326,Dulcinea,Jeanne,17,55,39
327,Juliane,Phaidra,171,151,120
328,Ayn,Vacuva,156,30,192
329,Elbertina,Hoban,109,172,112
330,Malina,Grimbly,197,273,156
331,Shannah,Jerald,73,160,24
332,Ardenia,Carlson,36,11,12
333,Morganica,Meli,4,180,14
334,Gabi,Jagir,34,146,40
335,Starla,Brian,141,215,132
336,Heida,Winnick,48,88,141
337,Joeann,Lunsford,71,115,37
338,Genovera,Gordon,73,250,28
339,Gusty,Hunfredo,117,45,150
340,Concettina,Lamoree,145,295,76
341,Celisse,Urias,133,64,143
342,Fina,Saunderson,72,282,92
343,Celisse,Gerge,72,297,4
344,Sallie,Beniamino,9,162,2
345,Barbara,Jethro,23,228,65
346,Neila,Presber,119,57,69
347,Christal,Richers,134,32,189
348,Maridel,Serilda,133,17,130
349,Viviene,Maurine,14,55,13
350,Marika,Guthrie,118,78,12
351,Berta,Rugen,63,296,93
352,Beth,Beebe,114,177,137
353,Keelia,Telfer,50,73,163
354,Emelina,Serilda,30,22,121
355,Lynde,Taima,38,244,143
356,Barbara,Sabella,71,260,109
357,Lyssa,Donoghue,184,183,52
358,Joelly,Ehrman,52,38,6
359,Fanny,Ophelia,37,256,106
360,Ardenia,Dawkins,4,59,64
361,Andree,Auberbach,151,229,198
362,Justinn,Stilwell,165,281,7
363,Agnese,Bari,56,14,32
364,Reeba,Allina,169,171,150
365,Joeann,Carvey,136,17,50
366,Giustina,Kelula,59,37,31
367,Taffy,Faro,92,65,104
368,Cacilie,Maryanne,100,140,95
369,Dawn,Hepsibah,81,65,144
370,Melina,Mandler,91,67,199
371,Daryl,Kress,160,150,189
372,Hettie,Mike,26,208,28
373,Eadie,Richers,177,41,105
374,Evita,Couture,95,269,72
375,Olivette,Giule,11,201,36
376,Sashenka,Harday,149,65,4
377,Heddie,Primalia,21,95,153
378,Yvonne,Kravits,179,199,102
379,Jaclyn,Zachary,4,242,36
380,Consuela,Podvin,108,72,120
381,Dale,Deny,28,261,92
382,Winny,Earlie,140,139,144
383,Hope,Ferino,200,48,141
384,Esmeralda,Halsey,110,93,72
385,Karly,Hull,111,159,189
386,Mariann,Justinn,28,289,191
387,Madeleine,Mike,75,253,194
388,Queenie,Lia,112,107,75
389,Elsie,Hazlett,48,140,63
390,Ninnetta,Yusuk,181,41,173
391,Keelia,Koziara,169,109,55
392,Vanessa,Jillane,22,151,8
393,Asia,Malanie,80,157,102
394,Ericka,Payson,140,136,181
395,Halette,Fadiman,28,124,131
396,Bobinette,Burnside,142,113,124
397,Paule,Erlandson,58,16,105
398,Oona,Hirsch,97,142,43
399,Clarice,Llovera,93,7,159
400,Malina,Laverne,40,266,91
401,Ana,Hollingsworth,154,50,99
402,Imojean,Moseley,21,125,100
403,Pollyanna,Bach,105,78,119
404,Florie,Merell,84,184,80
405,Noelle,Nester,178,47,32
406,Helena,Fleeta,9,177,127
407,Rori,Hoban,200,260,158
408,Kylynn,Brackely,138,165,95
409,Dania,Bandeen,21,116,67
410,Addia,Zetta,193,72,127
411,Iseabal,Leonard,160,63,177
412,Nollie,Odysseus,106,22,19
413,Regina,Middleton,148,210,4
414,Barbara,Hamil,51,258,170
415,Zia,Ehrman,164,113,75
416,Lizzie,Eugenia,137,189,106
417,Fanny,Croix,10,203,167
418,Jessamyn,Joachim,86,7,72
419,Addia,Kinnard,54,137,127
420,Christian,Aurelio,34,96,105
421,Nelle,Barney,7,47,135
422,Caressa,Winnick,155,150,71
423,Joane,Afton,144,50,95
424,Lonnie,Magnolia,186,102,2
425,Sadie,Kirbee,138,170,10
426,Jan,Callista,173,290,115
427,Annabela,Fosque,43,191,26
428,Alameda,Ardra,135,53,78
429,Marnia,Screens,57,101,43
430,Gratia,Sperling,132,181,16
431,Siana,Magdalen,138,257,124
432,Elyssa,Robertson,87,8,191
433,Shaine,Greenwald,23,160,60
434,Tatiania,Etom,30,288,131
435,Kate,Winnick,100,238,120
436,Vonny,Daveta,148,218,36
437,Caressa,Calhoun,82,262,133
438,Libbie,Shama,100,179,112
439,Karly,Gaal,82,119,163
440,Nannie,Clie,12,30,171
441,Petronia,Greyson,162,229,102
442,Marline,Deny,173,16,173
443,Kalina,Hourigan,72,25,67
444,Susan,Kolnick,101,32,107
445,Valli,Delp,188,250,80
446,Cherrita,Fontana,57,223,41
447,Madelle,Casimir,124,97,137
448,Kary,Alisia,131,69,18
449,Corry,Bord,193,111,153
450,Riannon,Philoo,67,3,105
451,Lenna,Sinegold,197,202,162
452,Hyacinthe,Clara,56,181,8
453,Christal,Fillbert,175,85,33
454,Katuscha,Hailee,40,31,111
455,Lynea,Flyn,5,200,158
456,Melisent,Gordon,76,100,19
457,Lulita,Lareena,122,110,144
458,Elyssa,Erb,112,94,104
459,Beverley,Prober,65,48,71
460,Addia,Strephon,146,83,94
461,Neila,Carvey,97,218,9
462,Ernesta,Seligman,16,55,4
463,Kellen,Ball,124,17,107
464,Ezmeralda,Craggie,143,143,69
465,Heida,Maiah,152,64,178
466,Gerianna,Cecile,130,88,158
467,Hannis,Willie,123,38,35
468,Lonnie,Lauraine,85,16,85
469,Iseabal,Brackely,200,39,76
470,Netty,Marcellus,174,59,199
471,Roz,Ephrem,76,291,93
472,Clary,Hebner,149,134,29
473,Kalina,Tengdin,65,222,133
474,Paule,Obed,101,259,130
475,Jorry,Primalia,44,55,163
476,Alia,Lattie,116,46,99
477,Harrietta,Eldrid,182,140,115
478,Yolane,Madaih,117,244,85
479,Gretal,Primalia,26,118,53
480,Binny,Artie,126,187,184
481,Emelina,Fennessy,47,283,13
482,Roslyn,Garlinda,160,208,130
483,Winifred,Dyche,30,182,190
484,Gloria,Suanne,29,191,29
485,Ofilia,Curren,7,207,98
486,Collen,Montgomery,47,181,187
487,Felice,Milde,96,124,110
488,Suzette,Stephie,44,61,109
489,Robinia,Pozzy,138,89,33
490,Allis,Sophronia,46,235,91
491,Fred,Johanna,104,150,135
492,Ginnie,Seumas,106,32,12
493,Sibella,Clywd,83,105,12
494,Kamilah,Baudin,86,89,196
495,Genevra,Merna,63,232,96
496,Renie,Muriel,139,254,68
497,Amii,Moina,194,30,126
498,Edith,Carri,189,86,62
499,Cordi,Darian,32,273,61
500,Shirlee,Bobbee,115,296,110
